,January,February,March,April,May,June,July
Wind speed | Schiphol,98.64863616153927,163.30660570273082,116.18176489001641,95.993785387059,104.45861761570319,96.75643813182432,111.72066998023783
