,January,February,March,April,May,June,July
Road traffic intensity | Amsterdam,109.18738726138312,104.25650192404645,77.03085491297023,57.333403906348,72.26045294169506,83.96992454474456,93.55614902780209
